UUID,URL Status,Identified Protocol,URL,Final URL,Final URL Response Status Code,HTTP Exception
fileidentifier,indicator_linkresolves,protocol,rawurl,finalurl,linkhttpstatuscode,linkhttpexception
0f29a6c1-13c7-4ad8-aba7-66e12b0a360a,PASS,OGC:WMS,https://geonetwork.geoservices.hu/geoserver/wms,https://geonetwork.geoservices.hu/geoserver/wms?request=GetCapabilities,200,
0f29a6c1-13c7-4ad8-aba7-66e12b0a360a,PASS,atom,https://geonetwork.geoservices.hu/inspire/atom/DS_boreholeLoggings.xml,https://geonetwork.geoservices.hu/inspire/atom/DS_boreholeLoggings.xml,200,
0f29a6c1-13c7-4ad8-aba7-66e12b0a360a,PASS,http://www.opengis.net/def/serviceType/ogc/wms,https://geonetwork.geoservices.hu/geoserver/wms?request=GetCapabilities&service=WMS&version=1.3.0,https://geonetwork.geoservices.hu/geoserver/wms?request=GetCapabilities&service=WMS&version=1.3.0,200,
10db6ec1-19d1-4db4-a397-ab5e7c3b3415,PASS,atom,http://geonetwork.geoservices.hu/inspire/atom/DS_seismicLines.xml,https://geonetwork.geoservices.hu/inspire/atom/DS_seismicLines.xml,200,
10db6ec1-19d1-4db4-a397-ab5e7c3b3415,PASS,wms,https://geonetwork.geoservices.hu/geoserver/wms?request=getCapabilities,https://geonetwork.geoservices.hu/geoserver/wms?request=GetCapabilities,200,
1501a5cf-479e-40ca-b351-d05cbf21693a,PASS,OGC:WMS,http://geonetwork.mfgi.hu:8080/geoserver/egip/wms,http://geonetwork.mfgi.hu:8080/geoserver/egip/wms?request=GetCapabilities,200,
1501a5cf-479e-40ca-b351-d05cbf21693a,PASS,OGC:WFS,http://geonetwork.mfgi.hu:8080/geoserver/egip/ows?service=WFS&version=1.0.0&request=GetFeature&typeName=egip:heatflow&maxFeatures=50,http://geonetwork.mfgi.hu:8080/geoserver/egip/ows?maxFeatures=50&request=GetCapabilities&service=WFS&typeName=egip:heatflow&version=1.0.0,200,
1501a5cf-479e-40ca-b351-d05cbf21693a,PASS,wms,"http://geonetwork.mfgi.hu:8080/geoserver/egip/wms?service=WMS&version=1.1.0&request=GetMap&layers=egip:heatflow&styles=&bbox=16.09862644604609,45.728114640647505,22.909009411630233,48.592795874859824&width=784&height=330&srs=EPSG:4326&format=application/openlayers",http://geonetwork.mfgi.hu:8080/geoserver/egip/wms?bbox=16.09862644604609%2C45.728114640647505%2C22.909009411630233%2C48.592795874859824&format=application/openlayers&height=330&layers=egip:heatflow&request=GetCapabilities&service=WMS&srs=EPSG:4326&styles=&version=1.1.0&width=784,200,
15f34523-67f9-435a-882a-122a263c98bb,PASS,OGC:WFS,https://inspire.lechnerkozpont.hu/geoserver/CRS.VAB/ows?service=WFS&acceptversions=2.0.0&request=GetCapabilities,https://inspire.lechnerkozpont.hu/geoserver/CRS.VAB/ows?acceptversions=2.0.0&request=GetCapabilities&service=WFS,200,
15f34523-67f9-435a-882a-122a263c98bb,PASS,OGC:WMS,https://inspire.lechnerkozpont.hu/geoserver/CRS.VAB/ows?service=WMS&version=1.3.0&request=GetCapabilities,https://inspire.lechnerkozpont.hu/geoserver/CRS.VAB/ows?request=GetCapabilities&service=WMS&version=1.3.0,200,
15f34523-67f9-435a-882a-122a263c98bb,PASS,atom,https://inspire.lechnerkozpont.hu/inspire/atom/DLS_VAB.xml,https://inspire.lechnerkozpont.hu/inspire/atom/DLS_VAB.xml,200,
16ab17c3-0b8c-4435-9c19-e3ff0bb8c924,PASS,OGC:WFS,https://inspire.lechnerkozpont.hu/geoserver/OI.2010/ows?service=WFS&acceptversions=2.0.0&request=GetCapabilities,https://inspire.lechnerkozpont.hu/geoserver/OI.2010/ows?acceptversions=2.0.0&request=GetCapabilities&service=WFS,200,
16ab17c3-0b8c-4435-9c19-e3ff0bb8c924,PASS,wcs,https://inspire.lechnerkozpont.hu/geoserver/OI.2010/wcs?service=WCS&version=2.0.1&request=GetCapabilities,https://inspire.lechnerkozpont.hu/geoserver/OI.2010/wcs?request=GetCapabilities&service=WCS&version=2.0.1,200,
16ab17c3-0b8c-4435-9c19-e3ff0bb8c924,PASS,atom,https://inspire.lechnerkozpont.hu/inspire/atom/data/2010.tif.zip,https://inspire.lechnerkozpont.hu/inspire/atom/data/2010.tif.zip,200,
16ab17c3-0b8c-4435-9c19-e3ff0bb8c924,PASS,wms,https://inspire.lechnerkozpont.hu/geoserver/OI.2010/wms?service=WMS&version=1.3.0&request=GetCapabilities,https://inspire.lechnerkozpont.hu/geoserver/OI.2010/wms?request=GetCapabilities&service=WMS&version=1.3.0,200,
16ab17c3-0b8c-4435-9c19-e3ff0bb8c924,PASS,wms,https://inspire.lechnerkozpont.hu/geoserver/OI.2010/wms?request=getCapabilities,https://inspire.lechnerkozpont.hu/geoserver/OI.2010/wms?request=GetCapabilities,200,
16ab17c3-0b8c-4435-9c19-e3ff0bb8c924,PASS,OGC:WCS,https://inspire.lechnerkozpont.hu/geoserver/OI.2010/wcs?request=getCapabilities,https://inspire.lechnerkozpont.hu/geoserver/OI.2010/wcs?request=GetCapabilities,200,
16ab17c3-0b8c-4435-9c19-e3ff0bb8c924,PASS,atom,https://inspire.lechnerkozpont.hu/inspire/atom/DLS_Orthoimagery2010.xml,https://inspire.lechnerkozpont.hu/inspire/atom/DLS_Orthoimagery2010.xml,200,
1c183814-e0dc-4748-b784-6688ab38e7cd,PASS,OGC:WFS,http://geonetwork.mfgi.hu:8080/geoserver/egip/ows?service=WFS&version=1.0.0&request=GetFeature&typeName=egip:temp3000&maxFeatures=50,http://geonetwork.mfgi.hu:8080/geoserver/egip/ows?maxFeatures=50&request=GetCapabilities&service=WFS&typeName=egip:temp3000&version=1.0.0,200,
1c183814-e0dc-4748-b784-6688ab38e7cd,PASS,OGC:WMS,http://geonetwork.mfgi.hu:8080/geoserver/egip/wms,http://geonetwork.mfgi.hu:8080/geoserver/egip/wms?request=GetCapabilities,200,
1c183814-e0dc-4748-b784-6688ab38e7cd,PASS,wms,"http://geonetwork.mfgi.hu:8080/geoserver/egip/wms?service=WMS&version=1.1.0&request=GetMap&layers=egip:temp3000&styles=&bbox=16.09862644604609,45.728114640647505,22.909009411630233,48.592795874859824&width=784&height=330&srs=EPSG:4326&format=application/openlayers",http://geonetwork.mfgi.hu:8080/geoserver/egip/wms?bbox=16.09862644604609%2C45.728114640647505%2C22.909009411630233%2C48.592795874859824&format=application/openlayers&height=330&layers=egip:temp3000&request=GetCapabilities&service=WMS&srs=EPSG:4326&styles=&version=1.1.0&width=784,200,
278bb777-aaac-4678-bd91-d4032c7e8a8c,PASS,OGC:WFS,https://inspire.lechnerkozpont.hu/geoserver/CP/ows?service=WFS&acceptversions=2.0.0&request=GetCapabilities,https://inspire.lechnerkozpont.hu/geoserver/CP/ows?acceptversions=2.0.0&request=GetCapabilities&service=WFS,200,
278bb777-aaac-4678-bd91-d4032c7e8a8c,PASS,atom,https://inspire.lechnerkozpont.hu/inspire/atom/data/FCOLL_CadastralParcels.xml,https://inspire.lechnerkozpont.hu/inspire/atom/data/FCOLL_CadastralParcels.xml,200,
278bb777-aaac-4678-bd91-d4032c7e8a8c,PASS,OGC:WMS,https://inspire.lechnerkozpont.hu/geoserver/CP/wms?SERVICE=WMS&request=GetCapabilities&version=1.3.0,https://inspire.lechnerkozpont.hu/geoserver/CP/wms?SERVICE=WMS&request=GetCapabilities&version=1.3.0,200,
278bb777-aaac-4678-bd91-d4032c7e8a8c,PASS,atom,https://inspire.lechnerkozpont.hu/inspire/atom/DLS_CadastralParcels.xml,https://inspire.lechnerkozpont.hu/inspire/atom/DLS_CadastralParcels.xml,200,
3d5b7b86-5d81-4246-9d99-ce0a8ae5c65c,PASS,OGC:WFS,http://geonetwork.mfgi.hu:8080/geoserver/egip/ows?service=WFS&version=1.0.0&request=GetFeature&typeName=egip:temp2000&maxFeatures=50,http://geonetwork.mfgi.hu:8080/geoserver/egip/ows?maxFeatures=50&request=GetCapabilities&service=WFS&typeName=egip:temp2000&version=1.0.0,200,
3d5b7b86-5d81-4246-9d99-ce0a8ae5c65c,PASS,wms,"http://geonetwork.mfgi.hu:8080/geoserver/egip/wms?service=WMS&version=1.1.0&request=GetMap&layers=egip:temp2000&styles=&bbox=16.09862644604609,45.728114640647505,22.909009411630233,48.592795874859824&width=784&height=330&srs=EPSG:4326&format=application/openlayers",http://geonetwork.mfgi.hu:8080/geoserver/egip/wms?bbox=16.09862644604609%2C45.728114640647505%2C22.909009411630233%2C48.592795874859824&format=application/openlayers&height=330&layers=egip:temp2000&request=GetCapabilities&service=WMS&srs=EPSG:4326&styles=&version=1.1.0&width=784,200,
3d5b7b86-5d81-4246-9d99-ce0a8ae5c65c,PASS,OGC:WMS,http://geonetwork.mfgi.hu:8080/geoserver/egip/wms,http://geonetwork.mfgi.hu:8080/geoserver/egip/wms?request=GetCapabilities,200,
3e8d4250-d1dd-4dfe-bedc-2b9d930f8157,PASS,atom,https://inspire.lechnerkozpont.hu/inspire/atom/DLS_OGPSH.xml,https://inspire.lechnerkozpont.hu/inspire/atom/DLS_OGPSH.xml,200,
3e8d4250-d1dd-4dfe-bedc-2b9d930f8157,PASS,OGC:WMS,https://inspire.lechnerkozpont.hu/geoserver/CRS.OGPSH/ows?service=WMS&version=1.3.0&request=GetCapabilities,https://inspire.lechnerkozpont.hu/geoserver/CRS.OGPSH/ows?request=GetCapabilities&service=WMS&version=1.3.0,200,
3e8d4250-d1dd-4dfe-bedc-2b9d930f8157,PASS,OGC:WFS,https://inspire.lechnerkozpont.hu/geoserver/CRS.OGPSH/ows?service=WFS&acceptversions=2.0.0&request=GetCapabilities,https://inspire.lechnerkozpont.hu/geoserver/CRS.OGPSH/ows?acceptversions=2.0.0&request=GetCapabilities&service=WFS,200,
45708648-44e8-44c0-a4ce-1ea3fccc5e55,PASS,atom,http://geonetwork.mfgi.hu/inspire/atom/DS_ActiveWell.xml,http://geonetwork.mfgi.hu/inspire/atom/DS_ActiveWell.xml,200,
45708648-44e8-44c0-a4ce-1ea3fccc5e55,PASS,OGC:WMS,http://geonetwork.mfgi.hu/geoserver/drle/wms,http://geonetwork.mfgi.hu/geoserver/drle/wms?request=GetCapabilities,200,
51b0185f-727e-42e4-9e4b-5b42d845cbf1,PASS,atom,http://geonetwork.mfgi.hu/inspire/atom/DS_gravityBaseStations.xml,http://geonetwork.mfgi.hu/inspire/atom/DS_gravityBaseStations.xml,200,
51b0185f-727e-42e4-9e4b-5b42d845cbf1,PASS,wms,http://geonetwork.mfgi.hu/geoserver/inspire/wms?request=getCapabilities,http://geonetwork.mfgi.hu/geoserver/inspire/wms?request=GetCapabilities,200,
52f4727e-6bd1-47e6-8bcd-4a328516b9c4,PASS,wms,https://geonetwork.geoservices.hu/geoserver/wms?request=getCapabilities,https://geonetwork.geoservices.hu/geoserver/wms?request=GetCapabilities,200,
52f4727e-6bd1-47e6-8bcd-4a328516b9c4,PASS,atom,http://geonetwork.geoservices.hu/inspire/atom/DS_observedEvent.xml,https://geonetwork.geoservices.hu/inspire/atom/DS_observedEvent.xml,200,
570ccf6e-a4ea-4866-9652-16b3954da753,PASS,atom,http://geonetwork.geoservices.hu/inspire/atom/DS_3dSeismics.xml,https://geonetwork.geoservices.hu/inspire/atom/DS_3dSeismics.xml,200,
570ccf6e-a4ea-4866-9652-16b3954da753,PASS,wms,https://geonetwork.geoservices.hu/geoserver/wms?request=getCapabilities,https://geonetwork.geoservices.hu/geoserver/wms?request=GetCapabilities,200,
5f9450bf-a093-40a2-ba86-a9bed5be7369,PASS,OGC:WMS,https://geonetwork.geoservices.hu/geoserver/wms,https://geonetwork.geoservices.hu/geoserver/wms?request=GetCapabilities,200,
5f9450bf-a093-40a2-ba86-a9bed5be7369,PASS,http://www.opengis.net/def/serviceType/ogc/wms,https://geonetwork.geoservices.hu/geoserver/wms?request=GetCapabilities&service=WMS&version=1.3.0,https://geonetwork.geoservices.hu/geoserver/wms?request=GetCapabilities&service=WMS&version=1.3.0,200,
5f9450bf-a093-40a2-ba86-a9bed5be7369,PASS,atom,https://geonetwork.geoservices.hu/inspire/atom/DS_multielectrodeDCProfiles.xml,https://geonetwork.geoservices.hu/inspire/atom/DS_multielectrodeDCProfiles.xml,200,
668f3ca4-a14d-4369-9b94-fec5c2511ace,PASS,OGC:WMS,https://inspire.lechnerkozpont.hu/geoserver/BR/ows?service=WMS&version=1.3.0&request=GetCapabilities,https://inspire.lechnerkozpont.hu/geoserver/BR/ows?request=GetCapabilities&service=WMS&version=1.3.0,200,
668f3ca4-a14d-4369-9b94-fec5c2511ace,PASS,OGC:WFS,https://inspire.lechnerkozpont.hu/geoserver/BR/ows?service=WFS&acceptversions=2.0.0&request=GetCapabilities,https://inspire.lechnerkozpont.hu/geoserver/BR/ows?acceptversions=2.0.0&request=GetCapabilities&service=WFS,200,
668f3ca4-a14d-4369-9b94-fec5c2511ace,PASS,atom,https://inspire.lechnerkozpont.hu/inspire/atom/DS_Bio-geographicalRegion.xml,https://inspire.lechnerkozpont.hu/inspire/atom/DS_Bio-geographicalRegion.xml,200,
678275e9-07d5-4aef-845b-d9fb966c263d,PASS,OGC:WFS,http://geonetwork.mfgi.hu:8080/wXmlDoc/alfaWFS?request=GetFeature&version=2.0.&typeNames=mr-core:MR.MineralOccurrence&srsName=EPSG:4258&outputFormat=text/xml;%20subtype=gml/3.2.1&count=10,http://geonetwork.mfgi.hu:8080/wXmlDoc/alfaWFS?+subtype=gml/3.2.1&count=10&outputFormat=text/xml&request=GetCapabilities&srsName=EPSG:4258&typeNames=mr-core:MR.MineralOccurrence&version=2.0.,200,
678275e9-07d5-4aef-845b-d9fb966c263d,PASS,wms,http://geonetwork.mfgi.hu:8080/geoserver/mbfh/wms,http://geonetwork.mfgi.hu:8080/geoserver/mbfh/wms?request=GetCapabilities,200,
683b71d9-6caa-43a3-8d7a-2e420c3a166e,PASS,OGC:WFS,https://inspire.lechnerkozpont.hu/geoserver/OI.2008/ows?service=WFS&acceptversions=2.0.0&request=GetCapabilities,https://inspire.lechnerkozpont.hu/geoserver/OI.2008/ows?acceptversions=2.0.0&request=GetCapabilities&service=WFS,200,
683b71d9-6caa-43a3-8d7a-2e420c3a166e,PASS,atom,https://inspire.lechnerkozpont.hu/inspire/atom/DLS_Orthoimagery2008.xml,https://inspire.lechnerkozpont.hu/inspire/atom/DLS_Orthoimagery2008.xml,200,
683b71d9-6caa-43a3-8d7a-2e420c3a166e,PASS,wcs,https://inspire.lechnerkozpont.hu/geoserver/OI.2008/wcs?service=WCS&version=2.0.1&request=GetCapabilities,https://inspire.lechnerkozpont.hu/geoserver/OI.2008/wcs?request=GetCapabilities&service=WCS&version=2.0.1,200,
683b71d9-6caa-43a3-8d7a-2e420c3a166e,PASS,OGC:WCS,https://inspire.lechnerkozpont.hu/geoserver/OI.2008/wcs?request=getCapabilities,https://inspire.lechnerkozpont.hu/geoserver/OI.2008/wcs?request=GetCapabilities,200,
683b71d9-6caa-43a3-8d7a-2e420c3a166e,PASS,wms,https://inspire.lechnerkozpont.hu/geoserver/OI.2008/wms?service=WMS&version=1.3.0&request=GetCapabilities,https://inspire.lechnerkozpont.hu/geoserver/OI.2008/wms?request=GetCapabilities&service=WMS&version=1.3.0,200,
683b71d9-6caa-43a3-8d7a-2e420c3a166e,FAIL,atom,https://inspire.lechnerkozpont.hu/inspire/atom/data/ortho2008.zip,https://inspire.lechnerkozpont.hu/inspire/atom/data/ortho2008.zip,404,
683b71d9-6caa-43a3-8d7a-2e420c3a166e,PASS,wms,https://inspire.lechnerkozpont.hu/geoserver/OI.2008/wms?request=getCapabilities,https://inspire.lechnerkozpont.hu/geoserver/OI.2008/wms?request=GetCapabilities,200,
697895e6-fe9e-474b-8a15-f2e1fa954f6a,PASS,wms,https://inspire.lechnerkozpont.hu/geoserver/OI.2015/wms?service=WMS&version=1.3.0&request=GetCapabilities,https://inspire.lechnerkozpont.hu/geoserver/OI.2015/wms?request=GetCapabilities&service=WMS&version=1.3.0,200,
697895e6-fe9e-474b-8a15-f2e1fa954f6a,PASS,OGC:WCS,https://inspire.lechnerkozpont.hu/geoserver/OI.2015/wcs?request=getCapabilities,https://inspire.lechnerkozpont.hu/geoserver/OI.2015/wcs?request=GetCapabilities,200,
697895e6-fe9e-474b-8a15-f2e1fa954f6a,PASS,atom,https://inspire.lechnerkozpont.hu/inspire/atom/data/2015.tif.zip,https://inspire.lechnerkozpont.hu/inspire/atom/data/2015.tif.zip,200,
697895e6-fe9e-474b-8a15-f2e1fa954f6a,PASS,wcs,https://inspire.lechnerkozpont.hu/geoserver/OI.2015/wcs?service=WCS&version=2.0.1&request=GetCapabilities,https://inspire.lechnerkozpont.hu/geoserver/OI.2015/wcs?request=GetCapabilities&service=WCS&version=2.0.1,200,
697895e6-fe9e-474b-8a15-f2e1fa954f6a,PASS,atom,https://inspire.lechnerkozpont.hu/inspire/atom/DLS_Orthoimagery2015.xml,https://inspire.lechnerkozpont.hu/inspire/atom/DLS_Orthoimagery2015.xml,200,
697895e6-fe9e-474b-8a15-f2e1fa954f6a,PASS,OGC:WFS,https://inspire.lechnerkozpont.hu/geoserver/OI.2015/ows?service=WFS&acceptversions=2.0.0&request=GetCapabilities,https://inspire.lechnerkozpont.hu/geoserver/OI.2015/ows?acceptversions=2.0.0&request=GetCapabilities&service=WFS,200,
697895e6-fe9e-474b-8a15-f2e1fa954f6a,PASS,wms,https://inspire.lechnerkozpont.hu/geoserver/OI.2015/wms?request=getCapabilities,https://inspire.lechnerkozpont.hu/geoserver/OI.2015/wms?request=GetCapabilities,200,
69f3685f-182d-42ba-86a6-d37ba4ea0c0f,PASS,wms,https://geonetwork.geoservices.hu/geoserver/wms?request=getCapabilities,https://geonetwork.geoservices.hu/geoserver/wms?request=GetCapabilities,200,
6a5fbae2-09f1-4a99-9a14-7f95ad52c47a,PASS,wms,https://geonetwork.geoservices.hu/geoserver/wms?request=getCapabilities,https://geonetwork.geoservices.hu/geoserver/wms?request=GetCapabilities,200,
6f267d6b-3ea2-44ad-9eae-04bd55836a2e,PASS,OGC:WFS,https://inspire.lechnerkozpont.hu/geoserver/AU/ows?service=WFS&acceptversions=2.0.0&request=GetCapabilities,https://inspire.lechnerkozpont.hu/geoserver/AU/ows?acceptversions=2.0.0&request=GetCapabilities&service=WFS,200,
6f267d6b-3ea2-44ad-9eae-04bd55836a2e,PASS,OGC:WMS,https://inspire.lechnerkozpont.hu/geoserver/AU/ows?service=WMS&version=1.3.0&request=GetCapabilities,https://inspire.lechnerkozpont.hu/geoserver/AU/ows?request=GetCapabilities&service=WMS&version=1.3.0,200,
6f267d6b-3ea2-44ad-9eae-04bd55836a2e,PASS,atom,https://inspire.lechnerkozpont.hu/inspire/atom/DLS_AdministrativeUnits.xml,https://inspire.lechnerkozpont.hu/inspire/atom/DLS_AdministrativeUnits.xml,200,
79a49097-2ff6-462e-8608-f61d9398efda,PASS,wcs,https://inspire.lechnerkozpont.hu/geoserver/OI.2007/wcs?service=WCS&version=2.0.1&request=GetCapabilities,https://inspire.lechnerkozpont.hu/geoserver/OI.2007/wcs?request=GetCapabilities&service=WCS&version=2.0.1,200,
79a49097-2ff6-462e-8608-f61d9398efda,FAIL,atom,https://inspire.lechnerkozpont.hu/inspire/atom/data/ortho2007.zip,https://inspire.lechnerkozpont.hu/inspire/atom/data/ortho2007.zip,404,
79a49097-2ff6-462e-8608-f61d9398efda,PASS,atom,https://inspire.lechnerkozpont.hu/inspire/atom/DLS_Orthoimagery2007.xml,https://inspire.lechnerkozpont.hu/inspire/atom/DLS_Orthoimagery2007.xml,200,
79a49097-2ff6-462e-8608-f61d9398efda,PASS,wms,https://inspire.lechnerkozpont.hu/geoserver/OI.2007/wms?request=getCapabilities,https://inspire.lechnerkozpont.hu/geoserver/OI.2007/wms?request=GetCapabilities,200,
79a49097-2ff6-462e-8608-f61d9398efda,PASS,OGC:WCS,https://inspire.lechnerkozpont.hu/geoserver/OI.2007/wcs?request=getCapabilities,https://inspire.lechnerkozpont.hu/geoserver/OI.2007/wcs?request=GetCapabilities,200,
79a49097-2ff6-462e-8608-f61d9398efda,PASS,OGC:WFS,https://inspire.lechnerkozpont.hu/geoserver/OI.2007/ows?service=WFS&acceptversions=2.0.0&request=GetCapabilities,https://inspire.lechnerkozpont.hu/geoserver/OI.2007/ows?acceptversions=2.0.0&request=GetCapabilities&service=WFS,200,
79a49097-2ff6-462e-8608-f61d9398efda,PASS,wms,https://inspire.lechnerkozpont.hu/geoserver/OI.2007/wms?service=WMS&version=1.3.0&request=GetCapabilities,https://inspire.lechnerkozpont.hu/geoserver/OI.2007/wms?request=GetCapabilities&service=WMS&version=1.3.0,200,
7d29a580-7ea4-4bb1-8aa5-c7159a4f8c32,FAIL,OGC:WMS,http://loczy.mfgi.hu/arcgis/services/public/atlasz200/MapServer/WMSServer,,,HTTPCachedException - Resending previous exception - UnknownHostException - loczy.mfgi.hu
7d8ad8e6-9405-4897-b65b-3fe2b72005d5,PASS,OGC:WMS,http://geonetwork.mfgi.hu:8080/geoserver/egdi/wms,http://geonetwork.mfgi.hu:8080/geoserver/egdi/wms?request=GetCapabilities,200,
8434fd80-181c-4955-a70e-c11118a41b43,PASS,atom,https://inspire.lechnerkozpont.hu/inspire/atom/data/2016.tif.zip,https://inspire.lechnerkozpont.hu/inspire/atom/data/2016.tif.zip,200,
8434fd80-181c-4955-a70e-c11118a41b43,PASS,OGC:WFS,https://inspire.lechnerkozpont.hu/geoserver/OI.2016/ows?service=WFS&acceptversions=2.0.0&request=GetCapabilities,https://inspire.lechnerkozpont.hu/geoserver/OI.2016/ows?acceptversions=2.0.0&request=GetCapabilities&service=WFS,200,
8434fd80-181c-4955-a70e-c11118a41b43,PASS,OGC:WCS,https://inspire.lechnerkozpont.hu/geoserver/OI.2016/wcs?request=getCapabilities,https://inspire.lechnerkozpont.hu/geoserver/OI.2016/wcs?request=GetCapabilities,200,
8434fd80-181c-4955-a70e-c11118a41b43,PASS,wcs,https://inspire.lechnerkozpont.hu/geoserver/OI.2016/wcs?service=WCS&version=2.0.1&request=GetCapabilities,https://inspire.lechnerkozpont.hu/geoserver/OI.2016/wcs?request=GetCapabilities&service=WCS&version=2.0.1,200,
8434fd80-181c-4955-a70e-c11118a41b43,PASS,atom,https://inspire.lechnerkozpont.hu/inspire/atom/DLS_Orthoimagery2016.xml,https://inspire.lechnerkozpont.hu/inspire/atom/DLS_Orthoimagery2016.xml,200,
8434fd80-181c-4955-a70e-c11118a41b43,PASS,wms,https://inspire.lechnerkozpont.hu/geoserver/OI.2016/wms?request=getCapabilities,https://inspire.lechnerkozpont.hu/geoserver/OI.2016/wms?request=GetCapabilities,200,
8434fd80-181c-4955-a70e-c11118a41b43,PASS,wms,https://inspire.lechnerkozpont.hu/geoserver/OI.2016/wms?service=WMS&version=1.3.0&request=GetCapabilities,https://inspire.lechnerkozpont.hu/geoserver/OI.2016/wms?request=GetCapabilities&service=WMS&version=1.3.0,200,
856f79ca-db96-46a7-ae23-d4506e7dce7a,PASS,OGC:WFS,https://inspire.lechnerkozpont.hu/geoserver/EL/ows?service=WFS&acceptversions=2.0.0&request=GetCapabilities,https://inspire.lechnerkozpont.hu/geoserver/EL/ows?acceptversions=2.0.0&request=GetCapabilities&service=WFS,200,
856f79ca-db96-46a7-ae23-d4506e7dce7a,PASS,OGC:WMS,https://inspire.lechnerkozpont.hu/geoserver/EL/ows?service=WMS&version=1.3.0&request=GetCapabilities,https://inspire.lechnerkozpont.hu/geoserver/EL/ows?request=GetCapabilities&service=WMS&version=1.3.0,200,
856f79ca-db96-46a7-ae23-d4506e7dce7a,PASS,atom,https://inspire.lechnerkozpont.hu/inspire/atom/DLS_ContourLine.xml,https://inspire.lechnerkozpont.hu/inspire/atom/DLS_ContourLine.xml,200,
9152a3f6-9f14-4beb-96ef-005447b84216,PASS,atom,http://geonetwork.mfgi.hu/inspire/atom/DS_verticalElectricSounding.xml,http://geonetwork.mfgi.hu/inspire/atom/DS_verticalElectricSounding.xml,200,
9152a3f6-9f14-4beb-96ef-005447b84216,PASS,OGC:WFS,http://geonetwork.mfgi.hu:8080/geoserver/egdi/wfs,http://geonetwork.mfgi.hu:8080/geoserver/egdi/wfs?request=GetCapabilities,200,
9152a3f6-9f14-4beb-96ef-005447b84216,PASS,OGC:WMS,http://geonetwork.mfgi.hu:8080/geoserver/egdi/wms,http://geonetwork.mfgi.hu:8080/geoserver/egdi/wms?request=GetCapabilities,200,
9b4d75a3-5168-4ebd-9630-3027a02a365d,PASS,wms,http://geonetwork.mfgi.hu/geoserver/mbfh/wms?request=getCapabilities,http://geonetwork.mfgi.hu/geoserver/mbfh/wms?request=GetCapabilities,200,
9b4d75a3-5168-4ebd-9630-3027a02a365d,PASS,atom,http://geonetwork.mfgi.hu/inspire/atom/DS_areaManagementZone.xml,http://geonetwork.mfgi.hu/inspire/atom/DS_areaManagementZone.xml,200,
9de1ce71-c26b-4f99-b59e-78e77616607e,PASS,atom,http://geonetwork.mfgi.hu/inspire/atom/DS_mininigWaste.xml,http://geonetwork.mfgi.hu/inspire/atom/DS_mininigWaste.xml,200,
9de1ce71-c26b-4f99-b59e-78e77616607e,PASS,wms,http://geonetwork.mfgi.hu/geoserver/inspire/wms?request=getCapabilities,http://geonetwork.mfgi.hu/geoserver/inspire/wms?request=GetCapabilities,200,
9de1ce71-c26b-4f99-b59e-78e77616607e,PASS,OGC:WFS,http://geonetwork.mfgi.hu:8080/wXmlDoc/alfaWFS?request=GetCapabilities,http://geonetwork.mfgi.hu:8080/wXmlDoc/alfaWFS?request=GetCapabilities,200,
9de1ce71-c26b-4f99-b59e-78e77616607e,PASS,OGC:WFS,http://geonetwork.mfgi.hu:8080/wXmlDoc/alfaWFS?request=GetFeature&version=2.0.&typeNames=us-emf%3AEnvironmentalManagementFacility&srsName=EPSG%3A4258&outputFormat=text/xml;%20subtype=gml/3.2.1,http://geonetwork.mfgi.hu:8080/wXmlDoc/alfaWFS?+subtype=gml/3.2.1&outputFormat=text/xml&request=GetCapabilities&srsName=EPSG:4258&typeNames=us-emf:EnvironmentalManagementFacility&version=2.0.,200,
9umta8-xdmpup-pikwhd-qh7cz9,PASS,atom,https://inspire.lechnerkozpont.hu/inspire/atom/DLS_Buildings.xml,https://inspire.lechnerkozpont.hu/inspire/atom/DLS_Buildings.xml,200,
9umta8-xdmpup-pikwhd-qh7cz9,PASS,atom,https://inspire.lechnerkozpont.hu/inspire/atom/data/FCOLL_Buildings.xml,https://inspire.lechnerkozpont.hu/inspire/atom/data/FCOLL_Buildings.xml,200,
9umta8-xdmpup-pikwhd-qh7cz9,PASS,OGC:WFS,https://inspire.lechnerkozpont.hu/geoserver/BU/ows?service=WFS&acceptversions=2.0.0&request=GetCapabilities,https://inspire.lechnerkozpont.hu/geoserver/BU/ows?acceptversions=2.0.0&request=GetCapabilities&service=WFS,200,
9umta8-xdmpup-pikwhd-qh7cz9,PASS,OGC:WMS,https://inspire.lechnerkozpont.hu/geoserver/BU/wms?SERVICE=WMS&request=GetCapabilities&version=1.3.0,https://inspire.lechnerkozpont.hu/geoserver/BU/wms?SERVICE=WMS&request=GetCapabilities&version=1.3.0,200,
a00ffb6e-5c87-4825-b44d-bbc2c0020f8b,PASS,wms,http://geonetwork.mfgi.hu/geoserver/mbfh/wms?request=getCapabilities,http://geonetwork.mfgi.hu/geoserver/mbfh/wms?request=GetCapabilities,200,
a00ffb6e-5c87-4825-b44d-bbc2c0020f8b,PASS,atom,http://geonetwork.mfgi.hu/inspire/atom/DS_mine.xml,http://geonetwork.mfgi.hu/inspire/atom/DS_mine.xml,200,
a3c3406f-caab-4ce8-9737-84976af605d1,PASS,atom,https://inspire.lechnerkozpont.hu/inspire/atom/DLS_Orthoimagery2005.xml,https://inspire.lechnerkozpont.hu/inspire/atom/DLS_Orthoimagery2005.xml,200,
a3c3406f-caab-4ce8-9737-84976af605d1,PASS,OGC:WCS,https://inspire.lechnerkozpont.hu/geoserver/OI.2005/wcs?request=getCapabilities,https://inspire.lechnerkozpont.hu/geoserver/OI.2005/wcs?request=GetCapabilities,200,
a3c3406f-caab-4ce8-9737-84976af605d1,PASS,wcs,https://inspire.lechnerkozpont.hu/geoserver/OI.2005/wcs?service=WCS&version=2.0.1&request=GetCapabilities,https://inspire.lechnerkozpont.hu/geoserver/OI.2005/wcs?request=GetCapabilities&service=WCS&version=2.0.1,200,
a3c3406f-caab-4ce8-9737-84976af605d1,PASS,OGC:WFS,https://inspire.lechnerkozpont.hu/geoserver/OI.2005/ows?service=WFS&acceptversions=2.0.0&request=GetCapabilities,https://inspire.lechnerkozpont.hu/geoserver/OI.2005/ows?acceptversions=2.0.0&request=GetCapabilities&service=WFS,200,
a3c3406f-caab-4ce8-9737-84976af605d1,PASS,atom,https://inspire.lechnerkozpont.hu/inspire/atom/data/2005.tif.zip,https://inspire.lechnerkozpont.hu/inspire/atom/data/2005.tif.zip,200,
a3c3406f-caab-4ce8-9737-84976af605d1,PASS,wms,https://inspire.lechnerkozpont.hu/geoserver/OI.2005/wms?service=WMS&version=1.3.0&request=GetCapabilities,https://inspire.lechnerkozpont.hu/geoserver/OI.2005/wms?request=GetCapabilities&service=WMS&version=1.3.0,200,
a3c3406f-caab-4ce8-9737-84976af605d1,PASS,wms,https://inspire.lechnerkozpont.hu/geoserver/OI.2005/wms?request=getCapabilities,https://inspire.lechnerkozpont.hu/geoserver/OI.2005/wms?request=GetCapabilities,200,
afd10d82-603c-4d3a-80b5-795f76ddda22,PASS,OGC:WFS,https://inspire.lechnerkozpont.hu/geoserver/GN/ows?service=WFS&acceptversions=2.0.0&request=GetCapabilities,https://inspire.lechnerkozpont.hu/geoserver/GN/ows?acceptversions=2.0.0&request=GetCapabilities&service=WFS,200,
afd10d82-603c-4d3a-80b5-795f76ddda22,PASS,atom,https://inspire.lechnerkozpont.hu/inspire/atom/DLS_GeographicalNames.xml,https://inspire.lechnerkozpont.hu/inspire/atom/DLS_GeographicalNames.xml,200,
afd10d82-603c-4d3a-80b5-795f76ddda22,PASS,OGC:WMS,https://inspire.lechnerkozpont.hu/geoserver/GN/wms?SERVICE=WMS&request=GetCapabilities&version=1.3.0,https://inspire.lechnerkozpont.hu/geoserver/GN/wms?SERVICE=WMS&request=GetCapabilities&version=1.3.0,200,
afd10d82-603c-4d3a-80b5-795f76ddda22,PASS,atom,https://inspire.lechnerkozpont.hu/inspire/atom/data/FCOLL_GeographicalNames.xml,https://inspire.lechnerkozpont.hu/inspire/atom/data/FCOLL_GeographicalNames.xml,200,
b724f6e1-332e-4619-8f1b-9626268e249d,PASS,wfs,http://m4eu.geoservices.hu/m4eu/services/m4eu_v2020.8?request=GetCapabilities&service=WFS&version=2.0.0,http://m4eu.geoservices.hu/m4eu/services/m4eu_v2020.8?request=GetCapabilities&service=WFS&version=2.0.0,200,
b8f392e5-82da-4995-806c-4abc04b426d3,PASS,OGC:WFS,https://inspire.lechnerkozpont.hu/geoserver/CRS.MAG/ows?service=WFS&acceptversions=2.0.0&request=GetCapabilities,https://inspire.lechnerkozpont.hu/geoserver/CRS.MAG/ows?acceptversions=2.0.0&request=GetCapabilities&service=WFS,200,
b8f392e5-82da-4995-806c-4abc04b426d3,PASS,atom,https://inspire.lechnerkozpont.hu/inspire/atom/DLS_MAG.xml,https://inspire.lechnerkozpont.hu/inspire/atom/DLS_MAG.xml,200,
b8f392e5-82da-4995-806c-4abc04b426d3,PASS,OGC:WMS,https://inspire.lechnerkozpont.hu/geoserver/CRS.MAG/ows?service=WMS&version=1.3.0&request=GetCapabilities,https://inspire.lechnerkozpont.hu/geoserver/CRS.MAG/ows?request=GetCapabilities&service=WMS&version=1.3.0,200,
b959860c-95e7-453d-bbc0-eb762f420857,PASS,atom,https://inspire.lechnerkozpont.hu/inspire/atom/DLS_GeographicalGrids.xml,https://inspire.lechnerkozpont.hu/inspire/atom/DLS_GeographicalGrids.xml,200,
b959860c-95e7-453d-bbc0-eb762f420857,PASS,OGC:WMS,https://inspire.lechnerkozpont.hu/geoserver/GG/ows?service=WMS&version=1.3.0&request=GetCapabilities,https://inspire.lechnerkozpont.hu/geoserver/GG/ows?request=GetCapabilities&service=WMS&version=1.3.0,200,
b959860c-95e7-453d-bbc0-eb762f420857,PASS,OGC:WFS,https://inspire.lechnerkozpont.hu/geoserver/GG/ows?service=WFS&acceptversions=2.0.0&request=GetCapabilities,https://inspire.lechnerkozpont.hu/geoserver/GG/ows?acceptversions=2.0.0&request=GetCapabilities&service=WFS,200,
c8929096-95fe-4ac4-bc25-cc545bcb7c6f,PASS,OGC:WFS,https://inspire.lechnerkozpont.hu/geoserver/OI.2014/ows?service=WFS&acceptversions=2.0.0&request=GetCapabilities,https://inspire.lechnerkozpont.hu/geoserver/OI.2014/ows?acceptversions=2.0.0&request=GetCapabilities&service=WFS,200,
c8929096-95fe-4ac4-bc25-cc545bcb7c6f,PASS,atom,https://inspire.lechnerkozpont.hu/inspire/atom/data/2014.tif.zip,https://inspire.lechnerkozpont.hu/inspire/atom/data/2014.tif.zip,200,
c8929096-95fe-4ac4-bc25-cc545bcb7c6f,PASS,OGC:WCS,https://inspire.lechnerkozpont.hu/geoserver/OI.2014/wcs?request=getCapabilities,https://inspire.lechnerkozpont.hu/geoserver/OI.2014/wcs?request=GetCapabilities,200,
c8929096-95fe-4ac4-bc25-cc545bcb7c6f,PASS,atom,https://inspire.lechnerkozpont.hu/inspire/atom/DLS_Orthoimagery2014.xml,https://inspire.lechnerkozpont.hu/inspire/atom/DLS_Orthoimagery2014.xml,200,
c8929096-95fe-4ac4-bc25-cc545bcb7c6f,PASS,wms,https://inspire.lechnerkozpont.hu/geoserver/OI.2014/wms?request=getCapabilities,https://inspire.lechnerkozpont.hu/geoserver/OI.2014/wms?request=GetCapabilities,200,
c8929096-95fe-4ac4-bc25-cc545bcb7c6f,PASS,wcs,https://inspire.lechnerkozpont.hu/geoserver/OI.2014/wcs?service=WCS&version=2.0.1&request=GetCapabilities,https://inspire.lechnerkozpont.hu/geoserver/OI.2014/wcs?request=GetCapabilities&service=WCS&version=2.0.1,200,
c8929096-95fe-4ac4-bc25-cc545bcb7c6f,PASS,wms,https://inspire.lechnerkozpont.hu/geoserver/OI.2014/wms?service=WMS&version=1.3.0&request=GetCapabilities,https://inspire.lechnerkozpont.hu/geoserver/OI.2014/wms?request=GetCapabilities&service=WMS&version=1.3.0,200,
cd15a149-39b4-4bd2-9603-c73be5b5b8da,PASS,atom,http://geonetwork.mfgi.hu/inspire/atom/DS_multielectrodeDCProfiles.xml,http://geonetwork.mfgi.hu/inspire/atom/DS_multielectrodeDCProfiles.xml,200,
cd15a149-39b4-4bd2-9603-c73be5b5b8da,PASS,wms,http://geonetwork.mfgi.hu/geoserver/inspire/wms?request=getCapabilities,http://geonetwork.mfgi.hu/geoserver/inspire/wms?request=GetCapabilities,200,
ddb8cca4-3e41-4ae7-b1c5-849b1dc6e92f,PASS,OGC:WMS,http://geonetwork.mfgi.hu:8080/geoserver/egip/wms,http://geonetwork.mfgi.hu:8080/geoserver/egip/wms?request=GetCapabilities,200,
ddb8cca4-3e41-4ae7-b1c5-849b1dc6e92f,PASS,wms,"http://geonetwork.mfgi.hu:8080/geoserver/egip/wms?service=WMS&version=1.1.0&request=GetMap&layers=egip:temp1000&styles=&bbox=16.09862644604609,45.728114640647505,22.909009411630233,48.592795874859824&width=784&height=330&srs=EPSG:4326&format=application/openlayers",http://geonetwork.mfgi.hu:8080/geoserver/egip/wms?bbox=16.09862644604609%2C45.728114640647505%2C22.909009411630233%2C48.592795874859824&format=application/openlayers&height=330&layers=egip:temp1000&request=GetCapabilities&service=WMS&srs=EPSG:4326&styles=&version=1.1.0&width=784,200,
ddb8cca4-3e41-4ae7-b1c5-849b1dc6e92f,PASS,OGC:WFS,http://geonetwork.mfgi.hu:8080/geoserver/egip/ows?service=WFS&version=1.0.0&request=GetFeature&typeName=egip:temp1000&maxFeatures=50,http://geonetwork.mfgi.hu:8080/geoserver/egip/ows?maxFeatures=50&request=GetCapabilities&service=WFS&typeName=egip:temp1000&version=1.0.0,200,
ed80c2d6-242c-4ebe-be04-e90d3068d576,PASS,atom,https://inspire.lechnerkozpont.hu/inspire/atom/DLS_CLC_50.xml,https://inspire.lechnerkozpont.hu/inspire/atom/DLS_CLC_50.xml,200,
ed80c2d6-242c-4ebe-be04-e90d3068d576,PASS,OGC:WMS,https://inspire.lechnerkozpont.hu/geoserver/LC/ows?service=WMS&version=1.3.0&request=GetCapabilities,https://inspire.lechnerkozpont.hu/geoserver/LC/ows?request=GetCapabilities&service=WMS&version=1.3.0,200,
ed80c2d6-242c-4ebe-be04-e90d3068d576,PASS,atom,https://inspire.lechnerkozpont.hu/inspire/atom/data/CLC_50.ZIP,https://inspire.lechnerkozpont.hu/inspire/atom/data/CLC_50.ZIP,200,
ed80c2d6-242c-4ebe-be04-e90d3068d576,PASS,OGC:WFS,https://inspire.lechnerkozpont.hu/geoserver/LC/ows?service=WFS&acceptversions=2.0.0&request=GetCapabilities,https://inspire.lechnerkozpont.hu/geoserver/LC/ows?acceptversions=2.0.0&request=GetCapabilities&service=WFS,200,
ee0e41ce-29d0-4438-868a-1abd257de7c7,PASS,atom,http://geonetwork.mfgi.hu/inspire/atom/DS_3dSeismics.xml,http://geonetwork.mfgi.hu/inspire/atom/DS_3dSeismics.xml,200,
ee0e41ce-29d0-4438-868a-1abd257de7c7,PASS,wms,http://geonetwork.mfgi.hu/geoserver/inspire/wms?request=getCapabilities,http://geonetwork.mfgi.hu/geoserver/inspire/wms?request=GetCapabilities,200,
elddm5x5-b1a1-47f9-a635-a67a36423144,PASS,OGC:WMS,https://inspire.lechnerkozpont.hu/geoserver/EL.DEM/ows?service=WMS&version=1.3.0&request=GetCapabilities,https://inspire.lechnerkozpont.hu/geoserver/EL.DEM/ows?request=GetCapabilities&service=WMS&version=1.3.0,200,
elddm5x5-b1a1-47f9-a635-a67a36423144,PASS,atom,https://inspire.lechnerkozpont.hu/inspire/atom/DLS_DEM.xml,https://inspire.lechnerkozpont.hu/inspire/atom/DLS_DEM.xml,200,
elddm5x5-b1a1-47f9-a635-a67a36423144,PASS,OGC:WFS,https://inspire.lechnerkozpont.hu/geoserver/EL.DEM/ows?service=WFS&acceptversions=2.0.0&request=GetCapabilities,https://inspire.lechnerkozpont.hu/geoserver/EL.DEM/ows?acceptversions=2.0.0&request=GetCapabilities&service=WFS,200,
f1cdb722-747a-4294-bf63-bc5ce28bbcd1,PASS,OGC:WMS,http://geoportal.vizugy.hu/arcgis/services/INSPIRE/AKK_Inspire/MapServer/WMSServer?request=GetCapabilities,http://geoportal.vizugy.hu/arcgis/services/INSPIRE/AKK_Inspire/MapServer/WMSServer?request=GetCapabilities,200,
f1ecdee8-ae1e-4c06-9576-776571792788,FAIL,atom,https://geonetwork.geoservices.hu/inspire/atom/DS_conePenetrationTest.xml,https://geonetwork.geoservices.hu/inspire/atom/DS_conePenetrationTest.xml,404,
f1ecdee8-ae1e-4c06-9576-776571792788,PASS,http://www.opengis.net/def/serviceType/ogc/wms,https://geonetwork.geoservices.hu/geoserver/wms?request=GetCapabilities&service=WMS&version=1.3.0,https://geonetwork.geoservices.hu/geoserver/wms?request=GetCapabilities&service=WMS&version=1.3.0,200,
f1ecdee8-ae1e-4c06-9576-776571792788,PASS,OGC:WMS,https://geonetwork.geoservices.hu/geoserver/wms,https://geonetwork.geoservices.hu/geoserver/wms?request=GetCapabilities,200,
f2e8ff69-42c3-4c3b-a6ab-f6a246c009e2,PASS,OGC:WFS,https://inspire.lechnerkozpont.hu/geoserver/OI.2000/ows?service=WFS&acceptversions=2.0.0&request=GetCapabilities,https://inspire.lechnerkozpont.hu/geoserver/OI.2000/ows?acceptversions=2.0.0&request=GetCapabilities&service=WFS,200,
f2e8ff69-42c3-4c3b-a6ab-f6a246c009e2,PASS,OGC:WCS,https://inspire.lechnerkozpont.hu/geoserver/OI.2000/wcs?request=getCapabilities,https://inspire.lechnerkozpont.hu/geoserver/OI.2000/wcs?request=GetCapabilities,200,
f2e8ff69-42c3-4c3b-a6ab-f6a246c009e2,PASS,atom,https://inspire.lechnerkozpont.hu/inspire/atom/DLS_Orthoimagery2000.xml,https://inspire.lechnerkozpont.hu/inspire/atom/DLS_Orthoimagery2000.xml,200,
f2e8ff69-42c3-4c3b-a6ab-f6a246c009e2,PASS,wms,https://inspire.lechnerkozpont.hu/geoserver/OI.2000/wms?service=WMS&version=1.3.0&request=GetCapabilities,https://inspire.lechnerkozpont.hu/geoserver/OI.2000/wms?request=GetCapabilities&service=WMS&version=1.3.0,200,
f2e8ff69-42c3-4c3b-a6ab-f6a246c009e2,PASS,atom,https://inspire.lechnerkozpont.hu/inspire/atom/data/2000.tif.zip,https://inspire.lechnerkozpont.hu/inspire/atom/data/2000.tif.zip,200,
f2e8ff69-42c3-4c3b-a6ab-f6a246c009e2,PASS,wcs,https://inspire.lechnerkozpont.hu/geoserver/OI.2000/wcs?service=WCS&version=2.0.1&request=GetCapabilities,https://inspire.lechnerkozpont.hu/geoserver/OI.2000/wcs?request=GetCapabilities&service=WCS&version=2.0.1,200,
f2e8ff69-42c3-4c3b-a6ab-f6a246c009e2,PASS,wms,https://inspire.lechnerkozpont.hu/geoserver/OI.2000/wms?service=WMS&request=getCapabilities,https://inspire.lechnerkozpont.hu/geoserver/OI.2000/wms?request=GetCapabilities&service=WMS,200,
fc301071-79fc-471d-a575-b45466a66888,PASS,OGC:WMS,http://geonetwork.mfgi.hu:8080/geoserver/egdi/wms,http://geonetwork.mfgi.hu:8080/geoserver/egdi/wms?request=GetCapabilities,200,
fc301071-79fc-471d-a575-b45466a66888,PASS,OGC:WFS,http://geonetwork.mfgi.hu:8080/geoserver/egdi/wfs,http://geonetwork.mfgi.hu:8080/geoserver/egdi/wfs?request=GetCapabilities,200,
GroundWaterBody_HU_20160322,PASS,OGC:WFS,https://geoportal.vizugy.hu/arcgis/services/INSPIRE/Inspire/MapServer/WFSServer?request=GetCapabilities&service=WFS,https://geoportal.vizugy.hu/arcgis/services/INSPIRE/Inspire/MapServer/WFSServer?request=GetCapabilities&service=WFS,200,
ISO_MAP_furaspont,FAIL,OGC:WMS,http:///arcgis/services/public/map_furaspont_wm/MapServer/WMSServer,,,HTTPCachedException - Resending previous exception - IllegalArgumentException - protocol = http host = null
Monitoring_HU_20160322,PASS,OGC:WFS,https://geoportal.vizugy.hu/arcgis/services/INSPIRE/Inspire/MapServer/WFSServer?request=GetCapabilities&service=WFS,https://geoportal.vizugy.hu/arcgis/services/INSPIRE/Inspire/MapServer/WFSServer?request=GetCapabilities&service=WFS,200,
orto2003m-4c1b-490f-a018-c9edb667b35e,PASS,OGC:WFS,https://inspire.lechnerkozpont.hu/geoserver/OI.2003/ows?service=WFS&acceptversions=2.0.0&request=GetCapabilities,https://inspire.lechnerkozpont.hu/geoserver/OI.2003/ows?acceptversions=2.0.0&request=GetCapabilities&service=WFS,200,
orto2003m-4c1b-490f-a018-c9edb667b35e,PASS,wcs,https://inspire.lechnerkozpont.hu/geoserver/OI.2003/wcs?service=WCS&version=2.0.1&request=GetCapabilities,https://inspire.lechnerkozpont.hu/geoserver/OI.2003/wcs?request=GetCapabilities&service=WCS&version=2.0.1,200,
orto2003m-4c1b-490f-a018-c9edb667b35e,PASS,atom,https://inspire.lechnerkozpont.hu/inspire/atom/data/ortho2003.zip,https://inspire.lechnerkozpont.hu/inspire/atom/data/ortho2003.zip,200,
orto2003m-4c1b-490f-a018-c9edb667b35e,PASS,wms,https://inspire.lechnerkozpont.hu/geoserver/OI.2003/wms?SERVICE=WMS&version=1.3.0&request=GetCapabilities,https://inspire.lechnerkozpont.hu/geoserver/OI.2003/wms?SERVICE=WMS&request=GetCapabilities&version=1.3.0,200,
orto2003m-4c1b-490f-a018-c9edb667b35e,PASS,wms,https://inspire.lechnerkozpont.hu/geoserver/OI.2003/wms?request=getCapabilities,https://inspire.lechnerkozpont.hu/geoserver/OI.2003/wms?request=GetCapabilities,200,
orto2003m-4c1b-490f-a018-c9edb667b35e,PASS,OGC:WCS,https://inspire.lechnerkozpont.hu/geoserver/OI.2003/wcs?request=getCapabilities,https://inspire.lechnerkozpont.hu/geoserver/OI.2003/wcs?request=GetCapabilities,200,
orto2003m-4c1b-490f-a018-c9edb667b35e,PASS,wmts,https://inspire.lechnerkozpont.hu/geoserver/OI.2003/ows?SERVICE=WMTS,https://inspire.lechnerkozpont.hu/geoserver/OI.2003/ows?SERVICE=WMTS&request=GetCapabilities,200,
orto2003m-4c1b-490f-a018-c9edb667b35e,PASS,atom,https://inspire.lechnerkozpont.hu/inspire/atom/DLS_Orthoimagery2003.xml,https://inspire.lechnerkozpont.hu/inspire/atom/DLS_Orthoimagery2003.xml,200,
orto2009m-09da-11ee-be56-0242ac120002,PASS,wms,https://inspire.lechnerkozpont.hu/geoserver/OI.2009/wms?request=getCapabilities,https://inspire.lechnerkozpont.hu/geoserver/OI.2009/wms?request=GetCapabilities,200,
orto2009m-09da-11ee-be56-0242ac120002,PASS,wms,https://inspire.lechnerkozpont.hu/geoserver/OI.2009/wms?service=WMS&version=1.3.0&request=GetCapabilities,https://inspire.lechnerkozpont.hu/geoserver/OI.2009/wms?request=GetCapabilities&service=WMS&version=1.3.0,200,
orto2009m-09da-11ee-be56-0242ac120002,PASS,OGC:WFS,https://inspire.lechnerkozpont.hu/geoserver/OI.2009/ows?service=WFS&acceptversions=2.0.0&request=GetCapabilities,https://inspire.lechnerkozpont.hu/geoserver/OI.2009/ows?acceptversions=2.0.0&request=GetCapabilities&service=WFS,200,
orto2009m-09da-11ee-be56-0242ac120002,PASS,wcs,https://inspire.lechnerkozpont.hu/geoserver/OI.2009/wcs?service=WCS&version=2.0.1&request=GetCapabilities,https://inspire.lechnerkozpont.hu/geoserver/OI.2009/wcs?request=GetCapabilities&service=WCS&version=2.0.1,200,
orto2009m-09da-11ee-be56-0242ac120002,PASS,atom,https://inspire.lechnerkozpont.hu/inspire/atom/data/2009.tif.zip,https://inspire.lechnerkozpont.hu/inspire/atom/data/2009.tif.zip,200,
orto2009m-09da-11ee-be56-0242ac120002,PASS,atom,https://inspire.lechnerkozpont.hu/inspire/atom/DLS_Orthoimagery2009.xml,https://inspire.lechnerkozpont.hu/inspire/atom/DLS_Orthoimagery2009.xml,200,
orto2009m-09da-11ee-be56-0242ac120002,PASS,OGC:WCS,https://inspire.lechnerkozpont.hu/geoserver/OI.2009/wcs?request=getCapabilities,https://inspire.lechnerkozpont.hu/geoserver/OI.2009/wcs?request=GetCapabilities,200,
orto2011m-d047-45e3-bb98-c9b35b1a7b75,PASS,wms,https://inspire.lechnerkozpont.hu/geoserver/OI.2011/wms?service=WMS&version=1.3.0&request=GetCapabilities,https://inspire.lechnerkozpont.hu/geoserver/OI.2011/wms?request=GetCapabilities&service=WMS&version=1.3.0,200,
orto2011m-d047-45e3-bb98-c9b35b1a7b75,PASS,atom,https://inspire.lechnerkozpont.hu/inspire/atom/DLS_Orthoimagery2011.xml,https://inspire.lechnerkozpont.hu/inspire/atom/DLS_Orthoimagery2011.xml,200,
orto2011m-d047-45e3-bb98-c9b35b1a7b75,PASS,wcs,https://inspire.lechnerkozpont.hu/geoserver/OI.2011/wcs?service=WCS&version=2.0.1&request=GetCapabilities,https://inspire.lechnerkozpont.hu/geoserver/OI.2011/wcs?request=GetCapabilities&service=WCS&version=2.0.1,200,
orto2011m-d047-45e3-bb98-c9b35b1a7b75,PASS,OGC:WCS,https://inspire.lechnerkozpont.hu/geoserver/OI.2011/wcs?request=getCapabilities,https://inspire.lechnerkozpont.hu/geoserver/OI.2011/wcs?request=GetCapabilities,200,
orto2011m-d047-45e3-bb98-c9b35b1a7b75,PASS,OGC:WFS,https://inspire.lechnerkozpont.hu/geoserver/OI.2011/ows?service=WFS&acceptversions=2.0.0&request=GetCapabilities,https://inspire.lechnerkozpont.hu/geoserver/OI.2011/ows?acceptversions=2.0.0&request=GetCapabilities&service=WFS,200,
orto2011m-d047-45e3-bb98-c9b35b1a7b75,PASS,atom,https://inspire.lechnerkozpont.hu/inspire/atom/data/2011.tif.zip,https://inspire.lechnerkozpont.hu/inspire/atom/data/2011.tif.zip,200,
orto2011m-d047-45e3-bb98-c9b35b1a7b75,PASS,wms,https://inspire.lechnerkozpont.hu/geoserver/OI.2011/wms?request=getCapabilities,https://inspire.lechnerkozpont.hu/geoserver/OI.2011/wms?request=GetCapabilities,200,
orto2012m-be0d-4c7e-8869-0754cc27de6d,PASS,atom,https://inspire.lechnerkozpont.hu/inspire/atom/DLS_Orthoimagery2012.xml,https://inspire.lechnerkozpont.hu/inspire/atom/DLS_Orthoimagery2012.xml,200,
orto2012m-be0d-4c7e-8869-0754cc27de6d,PASS,wms,https://inspire.lechnerkozpont.hu/geoserver/OI.2012/wms?request=getCapabilities,https://inspire.lechnerkozpont.hu/geoserver/OI.2012/wms?request=GetCapabilities,200,
orto2012m-be0d-4c7e-8869-0754cc27de6d,PASS,wcs,https://inspire.lechnerkozpont.hu/geoserver/OI.2012/wcs?service=WCS&version=2.0.1&request=GetCapabilities,https://inspire.lechnerkozpont.hu/geoserver/OI.2012/wcs?request=GetCapabilities&service=WCS&version=2.0.1,200,
orto2012m-be0d-4c7e-8869-0754cc27de6d,PASS,atom,https://inspire.lechnerkozpont.hu/inspire/atom/data/2012.tif.zip,https://inspire.lechnerkozpont.hu/inspire/atom/data/2012.tif.zip,200,
orto2012m-be0d-4c7e-8869-0754cc27de6d,PASS,OGC:WCS,https://inspire.lechnerkozpont.hu/geoserver/OI.2012/wcs?request=getCapabilities,https://inspire.lechnerkozpont.hu/geoserver/OI.2012/wcs?request=GetCapabilities,200,
orto2012m-be0d-4c7e-8869-0754cc27de6d,PASS,wms,https://inspire.lechnerkozpont.hu/geoserver/OI.2012/wms?service=WMS&version=1.3.0&request=GetCapabilities,https://inspire.lechnerkozpont.hu/geoserver/OI.2012/wms?request=GetCapabilities&service=WMS&version=1.3.0,200,
orto2012m-be0d-4c7e-8869-0754cc27de6d,PASS,OGC:WFS,https://inspire.lechnerkozpont.hu/geoserver/OI.2012/ows?service=WFS&acceptversions=2.0.0&request=GetCapabilities,https://inspire.lechnerkozpont.hu/geoserver/OI.2012/ows?acceptversions=2.0.0&request=GetCapabilities&service=WFS,200,
orto2013m-a135-49d6-970a-2673744741f7,PASS,wcs,https://inspire.lechnerkozpont.hu/geoserver/OI.2013/wcs?service=WCS&version=2.0.1&request=GetCapabilities,https://inspire.lechnerkozpont.hu/geoserver/OI.2013/wcs?request=GetCapabilities&service=WCS&version=2.0.1,200,
orto2013m-a135-49d6-970a-2673744741f7,PASS,wms,https://inspire.lechnerkozpont.hu/geoserver/OI.2013/wms?request=getCapabilities,https://inspire.lechnerkozpont.hu/geoserver/OI.2013/wms?request=GetCapabilities,200,
orto2013m-a135-49d6-970a-2673744741f7,PASS,wms,https://inspire.lechnerkozpont.hu/geoserver/OI.2013/wms?service=WMS&version=1.3.0&request=GetCapabilities,https://inspire.lechnerkozpont.hu/geoserver/OI.2013/wms?request=GetCapabilities&service=WMS&version=1.3.0,200,
orto2013m-a135-49d6-970a-2673744741f7,PASS,OGC:WFS,https://inspire.lechnerkozpont.hu/geoserver/OI.2013/ows?service=WFS&acceptversions=2.0.0&request=GetCapabilities,https://inspire.lechnerkozpont.hu/geoserver/OI.2013/ows?acceptversions=2.0.0&request=GetCapabilities&service=WFS,200,
orto2013m-a135-49d6-970a-2673744741f7,PASS,OGC:WCS,https://inspire.lechnerkozpont.hu/geoserver/OI.2013/wcs?request=getCapabilities,https://inspire.lechnerkozpont.hu/geoserver/OI.2013/wcs?request=GetCapabilities,200,
orto2013m-a135-49d6-970a-2673744741f7,PASS,atom,https://inspire.lechnerkozpont.hu/inspire/atom/data/2013.tif.zip,https://inspire.lechnerkozpont.hu/inspire/atom/data/2013.tif.zip,200,
orto2013m-a135-49d6-970a-2673744741f7,PASS,atom,https://inspire.lechnerkozpont.hu/inspire/atom/DLS_Orthoimagery2013.xml,https://inspire.lechnerkozpont.hu/inspire/atom/DLS_Orthoimagery2013.xml,200,
orto2017m-7128-46b7-a27b-a69672e8df5e,PASS,OGC:WFS,https://inspire.lechnerkozpont.hu/geoserver/OI.2017/ows?service=WFS&acceptversions=2.0.0&request=GetCapabilities,https://inspire.lechnerkozpont.hu/geoserver/OI.2017/ows?acceptversions=2.0.0&request=GetCapabilities&service=WFS,200,
orto2017m-7128-46b7-a27b-a69672e8df5e,PASS,atom,https://inspire.lechnerkozpont.hu/inspire/atom/DLS_Orthoimagery2017.xml,https://inspire.lechnerkozpont.hu/inspire/atom/DLS_Orthoimagery2017.xml,200,
orto2017m-7128-46b7-a27b-a69672e8df5e,PASS,wms,https://inspire.lechnerkozpont.hu/geoserver/OI.2017/wms?service=WMS&version=1.3.0&request=GetCapabilities,https://inspire.lechnerkozpont.hu/geoserver/OI.2017/wms?request=GetCapabilities&service=WMS&version=1.3.0,200,
orto2017m-7128-46b7-a27b-a69672e8df5e,PASS,wms,https://inspire.lechnerkozpont.hu/geoserver/OI.2017/wms?request=getCapabilities,https://inspire.lechnerkozpont.hu/geoserver/OI.2017/wms?request=GetCapabilities,200,
orto2017m-7128-46b7-a27b-a69672e8df5e,PASS,wcs,https://inspire.lechnerkozpont.hu/geoserver/OI.2017/wcs?service=WCS&version=2.0.1&request=GetCapabilities,https://inspire.lechnerkozpont.hu/geoserver/OI.2017/wcs?request=GetCapabilities&service=WCS&version=2.0.1,200,
orto2017m-7128-46b7-a27b-a69672e8df5e,PASS,atom,https://inspire.lechnerkozpont.hu/inspire/atom/data/2017.tif.zip,https://inspire.lechnerkozpont.hu/inspire/atom/data/2017.tif.zip,200,
orto2017m-7128-46b7-a27b-a69672e8df5e,PASS,OGC:WCS,https://inspire.lechnerkozpont.hu/geoserver/OI.2017/wcs?request=getCapabilities,https://inspire.lechnerkozpont.hu/geoserver/OI.2017/wcs?request=GetCapabilities,200,
orto2018m-c2fc-4162-b82b-bf728d828d04,PASS,wms,https://inspire.lechnerkozpont.hu/geoserver/OI.2018/wms?service=WMS&version=1.3.0&request=GetCapabilities,https://inspire.lechnerkozpont.hu/geoserver/OI.2018/wms?request=GetCapabilities&service=WMS&version=1.3.0,200,
orto2018m-c2fc-4162-b82b-bf728d828d04,PASS,OGC:WFS,https://inspire.lechnerkozpont.hu/geoserver/OI.2018/ows?service=WFS&acceptversions=2.0.0&request=GetCapabilities,https://inspire.lechnerkozpont.hu/geoserver/OI.2018/ows?acceptversions=2.0.0&request=GetCapabilities&service=WFS,200,
orto2018m-c2fc-4162-b82b-bf728d828d04,PASS,wcs,https://inspire.lechnerkozpont.hu/geoserver/OI.2018/wcs?service=WCS&version=2.0.1&request=GetCapabilities,https://inspire.lechnerkozpont.hu/geoserver/OI.2018/wcs?request=GetCapabilities&service=WCS&version=2.0.1,200,
orto2018m-c2fc-4162-b82b-bf728d828d04,PASS,wms,https://inspire.lechnerkozpont.hu/geoserver/OI.2018/wms?request=getCapabilities,https://inspire.lechnerkozpont.hu/geoserver/OI.2018/wms?request=GetCapabilities,200,
orto2018m-c2fc-4162-b82b-bf728d828d04,PASS,atom,https://inspire.lechnerkozpont.hu/inspire/atom/data/2018.tif.zip,https://inspire.lechnerkozpont.hu/inspire/atom/data/2018.tif.zip,200,
orto2018m-c2fc-4162-b82b-bf728d828d04,PASS,OGC:WCS,https://inspire.lechnerkozpont.hu/geoserver/OI.2018/wcs?request=getCapabilities,https://inspire.lechnerkozpont.hu/geoserver/OI.2018/wcs?request=GetCapabilities,200,
orto2018m-c2fc-4162-b82b-bf728d828d04,PASS,atom,https://inspire.lechnerkozpont.hu/inspire/atom/DLS_Orthoimagery2018.xml,https://inspire.lechnerkozpont.hu/inspire/atom/DLS_Orthoimagery2018.xml,200,
orto2019m-991a-423e-9e2b-7f1aca90d585,PASS,atom,https://inspire.lechnerkozpont.hu/inspire/atom/DLS_Orthoimagery2019.xml,https://inspire.lechnerkozpont.hu/inspire/atom/DLS_Orthoimagery2019.xml,200,
orto2019m-991a-423e-9e2b-7f1aca90d585,PASS,atom,https://inspire.lechnerkozpont.hu/inspire/atom/data/2019.tif.zip,https://inspire.lechnerkozpont.hu/inspire/atom/data/2019.tif.zip,200,
orto2019m-991a-423e-9e2b-7f1aca90d585,PASS,wcs,https://inspire.lechnerkozpont.hu/geoserver/OI.2019/wcs?service=WCS&version=2.0.1&request=GetCapabilities,https://inspire.lechnerkozpont.hu/geoserver/OI.2019/wcs?request=GetCapabilities&service=WCS&version=2.0.1,200,
orto2019m-991a-423e-9e2b-7f1aca90d585,PASS,wms,https://inspire.lechnerkozpont.hu/geoserver/OI.2019/wms?request=getCapabilities,https://inspire.lechnerkozpont.hu/geoserver/OI.2019/wms?request=GetCapabilities,200,
orto2019m-991a-423e-9e2b-7f1aca90d585,PASS,wms,https://inspire.lechnerkozpont.hu/geoserver/OI.2019/wms?service=WMS&version=1.3.0&request=GetCapabilities,https://inspire.lechnerkozpont.hu/geoserver/OI.2019/wms?request=GetCapabilities&service=WMS&version=1.3.0,200,
orto2019m-991a-423e-9e2b-7f1aca90d585,PASS,OGC:WFS,https://inspire.lechnerkozpont.hu/geoserver/OI.2019/ows?service=WFS&acceptversions=2.0.0&request=GetCapabilities,https://inspire.lechnerkozpont.hu/geoserver/OI.2019/ows?acceptversions=2.0.0&request=GetCapabilities&service=WFS,200,
orto2019m-991a-423e-9e2b-7f1aca90d585,PASS,OGC:WCS,https://inspire.lechnerkozpont.hu/geoserver/OI.2019/wcs?request=getCapabilities,https://inspire.lechnerkozpont.hu/geoserver/OI.2019/wcs?request=GetCapabilities,200,
orto2020m-86d9-435f-a535-02535fc14dde,PASS,wcs,https://inspire.lechnerkozpont.hu/geoserver/OI.2020/wcs?service=WCS&version=2.0.1&request=GetCapabilities,https://inspire.lechnerkozpont.hu/geoserver/OI.2020/wcs?request=GetCapabilities&service=WCS&version=2.0.1,200,
orto2020m-86d9-435f-a535-02535fc14dde,PASS,atom,https://inspire.lechnerkozpont.hu/inspire/atom/data/2020.tif.zip,https://inspire.lechnerkozpont.hu/inspire/atom/data/2020.tif.zip,200,
orto2020m-86d9-435f-a535-02535fc14dde,PASS,OGC:WCS,https://inspire.lechnerkozpont.hu/geoserver/OI.2020/wcs?request=getCapabilities,https://inspire.lechnerkozpont.hu/geoserver/OI.2020/wcs?request=GetCapabilities,200,
orto2020m-86d9-435f-a535-02535fc14dde,PASS,OGC:WFS,https://inspire.lechnerkozpont.hu/geoserver/OI.2020/ows?service=WFS&acceptversions=2.0.0&request=GetCapabilities,https://inspire.lechnerkozpont.hu/geoserver/OI.2020/ows?acceptversions=2.0.0&request=GetCapabilities&service=WFS,200,
orto2020m-86d9-435f-a535-02535fc14dde,PASS,wms,https://inspire.lechnerkozpont.hu/geoserver/OI.2020/wms?service=WMS&version=1.3.0&request=GetCapabilities,https://inspire.lechnerkozpont.hu/geoserver/OI.2020/wms?request=GetCapabilities&service=WMS&version=1.3.0,200,
orto2020m-86d9-435f-a535-02535fc14dde,PASS,wms,https://inspire.lechnerkozpont.hu/geoserver/OI.2020/wms?request=getCapabilities,https://inspire.lechnerkozpont.hu/geoserver/OI.2020/wms?request=GetCapabilities,200,
orto2020m-86d9-435f-a535-02535fc14dde,PASS,atom,https://inspire.lechnerkozpont.hu/inspire/atom/DLS_Orthoimagery2020.xml,https://inspire.lechnerkozpont.hu/inspire/atom/DLS_Orthoimagery2020.xml,200,
orto2021m-1ab9-4c84-8c88-41073c373445,PASS,wms,https://inspire.lechnerkozpont.hu/geoserver/OI.2021/wms?request=getCapabilities,https://inspire.lechnerkozpont.hu/geoserver/OI.2021/wms?request=GetCapabilities,200,
orto2021m-1ab9-4c84-8c88-41073c373445,PASS,OGC:WCS,https://inspire.lechnerkozpont.hu/geoserver/OI.2021/wcs?request=getCapabilities,https://inspire.lechnerkozpont.hu/geoserver/OI.2021/wcs?request=GetCapabilities,200,
orto2021m-1ab9-4c84-8c88-41073c373445,PASS,atom,https://inspire.lechnerkozpont.hu/inspire/atom/DLS_Orthoimagery2021.xml,https://inspire.lechnerkozpont.hu/inspire/atom/DLS_Orthoimagery2021.xml,200,
orto2021m-1ab9-4c84-8c88-41073c373445,PASS,wms,https://inspire.lechnerkozpont.hu/geoserver/OI.2021/wms?service=WMS&version=1.3.0&request=GetCapabilities,https://inspire.lechnerkozpont.hu/geoserver/OI.2021/wms?request=GetCapabilities&service=WMS&version=1.3.0,200,
orto2021m-1ab9-4c84-8c88-41073c373445,PASS,OGC:WFS,https://inspire.lechnerkozpont.hu/geoserver/OI.2021/ows?service=WFS&acceptversions=2.0.0&request=GetCapabilities,https://inspire.lechnerkozpont.hu/geoserver/OI.2021/ows?acceptversions=2.0.0&request=GetCapabilities&service=WFS,200,
orto2021m-1ab9-4c84-8c88-41073c373445,FAIL,atom,https://inspire.lechnerkozpont.hu/inspire/atom/data/ortho2021.zip,https://inspire.lechnerkozpont.hu/inspire/atom/data/ortho2021.zip,404,
orto2021m-1ab9-4c84-8c88-41073c373445,PASS,wcs,https://inspire.lechnerkozpont.hu/geoserver/OI.2021/wcs?service=WCS&version=2.0.1&request=GetCapabilities,https://inspire.lechnerkozpont.hu/geoserver/OI.2021/wcs?request=GetCapabilities&service=WCS&version=2.0.1,200,
orto2022m-2e5d-474c-9de5-910a2e8edd62,PASS,atom,https://inspire.lechnerkozpont.hu/inspire/atom/DLS_Orthoimagery2022.xml,https://inspire.lechnerkozpont.hu/inspire/atom/DLS_Orthoimagery2022.xml,200,
orto2022m-2e5d-474c-9de5-910a2e8edd62,PASS,OGC:WFS,https://inspire.lechnerkozpont.hu/geoserver/OI.2022/ows?service=WFS&acceptversions=2.0.0&request=GetCapabilities,https://inspire.lechnerkozpont.hu/geoserver/OI.2022/ows?acceptversions=2.0.0&request=GetCapabilities&service=WFS,200,
orto2022m-2e5d-474c-9de5-910a2e8edd62,PASS,atom,https://inspire.lechnerkozpont.hu/inspire/atom/data/2022.tif.zip,https://inspire.lechnerkozpont.hu/inspire/atom/data/2022.tif.zip,200,
orto2022m-2e5d-474c-9de5-910a2e8edd62,PASS,wms,https://inspire.lechnerkozpont.hu/geoserver/OI.2022/wms?request=getCapabilities,https://inspire.lechnerkozpont.hu/geoserver/OI.2022/wms?request=GetCapabilities,200,
orto2022m-2e5d-474c-9de5-910a2e8edd62,PASS,wcs,https://inspire.lechnerkozpont.hu/geoserver/OI.2022/wcs?service=WCS&version=2.0.1&request=GetCapabilities,https://inspire.lechnerkozpont.hu/geoserver/OI.2022/wcs?request=GetCapabilities&service=WCS&version=2.0.1,200,
orto2022m-2e5d-474c-9de5-910a2e8edd62,PASS,wms,https://inspire.lechnerkozpont.hu/geoserver/OI.2022/wms?service=WMS&version=1.3.0&request=GetCapabilities,https://inspire.lechnerkozpont.hu/geoserver/OI.2022/wms?request=GetCapabilities&service=WMS&version=1.3.0,200,
orto2022m-2e5d-474c-9de5-910a2e8edd62,PASS,OGC:WCS,https://inspire.lechnerkozpont.hu/geoserver/OI.2022/wcs?request=getCapabilities,https://inspire.lechnerkozpont.hu/geoserver/OI.2022/wcs?request=GetCapabilities,200,
orto2023m-675918c0-d0ed-4167-bae7-cd1db003f4a5,PASS,OGC:WFS,https://inspire.lechnerkozpont.hu/geoserver/OI.2023/ows?service=WFS&acceptversions=2.0.0&request=GetCapabilities,https://inspire.lechnerkozpont.hu/geoserver/OI.2023/ows?acceptversions=2.0.0&request=GetCapabilities&service=WFS,200,
orto2023m-675918c0-d0ed-4167-bae7-cd1db003f4a5,PASS,OGC:WCS,https://inspire.lechnerkozpont.hu/geoserver/OI.2023/wcs?request=getCapabilities,https://inspire.lechnerkozpont.hu/geoserver/OI.2023/wcs?request=GetCapabilities,200,
orto2023m-675918c0-d0ed-4167-bae7-cd1db003f4a5,PASS,atom,https://inspire.lechnerkozpont.hu/inspire/atom/data/2023.tif.zip,https://inspire.lechnerkozpont.hu/inspire/atom/data/2023.tif.zip,200,
orto2023m-675918c0-d0ed-4167-bae7-cd1db003f4a5,PASS,atom,https://inspire.lechnerkozpont.hu/inspire/atom/DLS_Orthoimagery2023.xml,https://inspire.lechnerkozpont.hu/inspire/atom/DLS_Orthoimagery2023.xml,200,
orto2023m-675918c0-d0ed-4167-bae7-cd1db003f4a5,PASS,wms,https://inspire.lechnerkozpont.hu/geoserver/OI.2023/wms?service=WMS&version=1.3.0&request=GetCapabilities,https://inspire.lechnerkozpont.hu/geoserver/OI.2023/wms?request=GetCapabilities&service=WMS&version=1.3.0,200,
orto2023m-675918c0-d0ed-4167-bae7-cd1db003f4a5,PASS,wcs,https://inspire.lechnerkozpont.hu/geoserver/OI.2023/wcs?service=WCS&version=2.0.1&request=GetCapabilities,https://inspire.lechnerkozpont.hu/geoserver/OI.2023/wcs?request=GetCapabilities&service=WCS&version=2.0.1,200,
orto2023m-675918c0-d0ed-4167-bae7-cd1db003f4a5,PASS,wms,https://inspire.lechnerkozpont.hu/geoserver/OI.2023/wms?request=getCapabilities,https://inspire.lechnerkozpont.hu/geoserver/OI.2023/wms?request=GetCapabilities,200,
ProtectedArea_HU_20160322,PASS,OGC:WFS,https://geoportal.vizugy.hu/arcgis/services/INSPIRE/Inspire/MapServer/WFSServer?request=GetCapabilities&service=WFS,https://geoportal.vizugy.hu/arcgis/services/INSPIRE/Inspire/MapServer/WFSServer?request=GetCapabilities&service=WFS,200,
SubUnit_HU_20160322,PASS,OGC:WFS,https://geoportal.vizugy.hu/arcgis/services/INSPIRE/Inspire/MapServer/WFSServer?request=GetCapabilities&service=WFS,https://geoportal.vizugy.hu/arcgis/services/INSPIRE/Inspire/MapServer/WFSServer?request=GetCapabilities&service=WFS,200,
SurfaceWaterBodyLine_HU_20160322,PASS,OGC:WFS,https://geoportal.vizugy.hu/arcgis/services/INSPIRE/Inspire/MapServer/WFSServer?request=GetCapabilities&service=WFS,https://geoportal.vizugy.hu/arcgis/services/INSPIRE/Inspire/MapServer/WFSServer?request=GetCapabilities&service=WFS,200,
